window,feature,ks,p
1,V17,0.06323359083527336,1.4945697058926838e-35
1,V14,0.11510610316368969,4.9168229824002016e-117
1,V10,0.050780835876451436,4.4833715056989434e-23
1,V12,0.08737541545987244,1.5411078510163177e-67
1,V11,0.17209058394603483,5.160803191659261e-262
2,V17,0.08531320648315521,2.134342504173466e-64
2,V14,0.09791335940540147,9.957028676120675e-85
2,V10,0.04812088517956137,9.220035046615643e-21
2,V12,0.10440583845052216,2.6379354050319944e-96
2,V11,0.1656149905520522,1.4849269951410594e-242
3,V17,0.11860941816897547,2.992575680733476e-124
3,V14,0.08367213355305417,5.889057164984309e-62
3,V10,0.04362229356036218,3.887269737939389e-17
3,V12,0.11199901960008601,8.503356647673855e-111
3,V11,0.15850438482602758,4.2752388811383474e-222
4,V17,0.09358943074226272,1.961412822081415e-77
4,V14,0.09433628436344857,1.1385525652600888e-78
4,V10,0.06448651464593758,5.907434485544968e-37
4,V12,0.12082654797809601,6.149546248943083e-129
4,V11,0.1581711441619451,3.69193277473366e-221
