model,strategy,cv_diag_pr_auc_mean,cv_diag_pr_auc_sd,val_threshold,val_accuracy,val_precision,val_recall,val_f1,val_mcc,val_roc_auc,val_pr_auc,val_tn,val_fp,val_fn,val_tp,test_threshold,test_accuracy,test_precision,test_recall,test_f1,test_mcc,test_roc_auc,test_pr_auc,test_tn,test_fp,test_fn,test_tp
Random Forest,No treatment,0.7884333333333332,0.19348436756964932,0.5,0.9996240513169953,0.9824561403508771,0.7887323943661971,0.875,0.8801099397583618,0.9633813756195619,0.8187388995526916,42487,1,15,56,0.5,0.999530064146244,0.9322033898305084,0.7746478873239436,0.8461538461538461,0.849558725583918,0.973966800236554,0.7875589769595567,42484,4,16,55
Random Forest,Class weights,0.7681555555555555,0.1919180554299152,0.5,0.9994360769754929,0.8983050847457628,0.7464788732394366,0.8153846153846154,0.8186102956707244,0.9811792758054635,0.8171991689335514,42482,6,18,53,0.5,0.9993655865974295,0.84375,0.7605633802816901,0.8,0.8007637601924056,0.956503045764703,0.7834545822297578,42478,10,17,54
Random Forest,Random undersampling,0.6997649572649572,0.227221768106682,0.5,0.9732841467139736,0.052100840336134456,0.8732394366197183,0.09833465503568596,0.20959269828421492,0.9691042839602102,0.707811636322496,41360,1128,9,62,0.5,0.9740595408726709,0.054357204486626405,0.8873239436619719,0.1024390243902439,0.21601804980631023,0.9729908825955166,0.6694145058665995,41392,1096,8,63
Random Forest,SMOTE,0.7953777777777777,0.15214088418954091,0.5,0.9986136892314199,0.5545454545454546,0.8591549295774648,0.6740331491712708,0.6896367136315457,0.9807955717737037,0.8048117091233824,42439,49,10,61,0.5,0.9985666956460443,0.5480769230769231,0.8028169014084507,0.6514285714285715,0.662672441310967,0.9707532996889264,0.7776639862430537,42441,47,14,57
Random Forest,Threshold moving on no-treatment,0.7884333333333332,0.19348436756964932,0.518440759553762,0.9996240513169953,0.9824561403508771,0.7887323943661971,0.875,0.8801099397583618,0.9633813756195619,0.8187388995526916,42487,1,15,56,0.518440759553762,0.999530064146244,0.9322033898305084,0.7746478873239436,0.8461538461538461,0.849558725583918,0.973966800236554,0.7875589769595567,42484,4,16,55
LightGBM,No treatment,0.8271825396825397,0.10707390491445916,0.5,0.9994595737681806,0.9615384615384616,0.704225352112676,0.8130081300813008,0.82264610275799,0.9741719948764324,0.7956022810570001,42486,2,21,50,0.5,0.9994830705608685,0.9454545454545454,0.7323943661971831,0.8253968253968254,0.8318963065083713,0.9728917659600989,0.7954363821610814,42485,3,19,52
LightGBM,Class weights,0.7972191528545121,0.08395148797304929,0.5,0.9994360769754929,0.8615384615384616,0.7887323943661971,0.8235294117647058,0.8240524606893349,0.9766996348264696,0.8343416636671972,42479,9,15,56,0.5,0.9992715994266782,0.7777777777777778,0.7887323943661971,0.7832167832167832,0.782871194660592,0.9737652520280788,0.8135731866209404,42472,16,15,56
LightGBM,Random undersampling,0.0017000000000000001,0.0002449489742783178,0.5,0.9633215066143471,0.03841387856257745,0.8732394366197183,0.07359050445103858,0.17876637808764712,0.9753706763268369,0.694363609776743,40936,1552,9,62,0.5,0.9668225287248291,0.04294478527607362,0.8873239436619719,0.08192457737321196,0.19110344445090405,0.9676226725822834,0.6911946198026832,41084,1404,8,63
LightGBM,SMOTE,0.7271913580246914,0.21292109983958096,0.5,0.9989896379144246,0.6590909090909091,0.8169014084507042,0.7295597484276729,0.7332783166527953,0.9704801488274403,0.8297563501013949,42458,30,13,58,0.5,0.9988721539509857,0.6263736263736264,0.8028169014084507,0.7037037037037037,0.708588527017498,0.9652067460306937,0.8004550275218292,42454,34,14,57
LightGBM,Threshold moving on no-treatment,0.8271825396825397,0.10707390491445916,0.13050290057193892,0.9994830705608685,0.9016393442622951,0.7746478873239436,0.8333333333333334,0.8354843470979036,0.9741719948764324,0.7956022810570001,42482,6,16,55,0.13050290057193892,0.9993655865974295,0.84375,0.7605633802816901,0.8,0.8007637601924056,0.9728917659600989,0.7954363821610814,42478,10,17,54
